Name,Address,Photograph,,
Allison Rodriquez," 8 Swan Ln, Kelvedon Hatch, Brentwood CM15 0AW, UK ",128.jpg,,13
Harper Larsen," 24 Riverside, London SE7, UK ",128(1).jpg,,14
Alison Bales," 8 Burnside, Bruichladdich, Isle of Islay PA49 7UR, UK ",128(2).jpg,,18
Isabel Beavers," Ninehams Rd, Tatsfield, Westerham TN16, UK ",128(3).jpg,,21
Jane Bollinger," Winsford Way, Chelmsford CM2, UK ",128(4).jpg,,23
Sophie Sawyer," 203 Orphanage Rd, Birmingham B24 0AE, UK ",128(5).jpg,,26
Ellie Simon," 10 Festival Rd, Potton, Sandy SG19 2QN, UK ",128(6).jpg,,27
Hannah Sanford," South London Mail Centre, 53 Nine Elms Ln, London SW8 5BB, UK ",128(7).jpg,,33
Allison Booth," 1 Chatteris Pl, Blackpool, Thornton-Cleveleys FY5 1DT, UK ",128(8).jpg,,34
Sarah Roman," 19 Polesden Ln, Ripley, Woking GU23 6JX, UK ",128(9).jpg,,41
Ava Albert," 13 Carter St, Uttoxeter ST14 8HE, UK ",128(10).jpg,,43
Bridget Bowers," 16 Eastrop, Highworth, Swindon SN6 7AP, UK ",NoImage.png,,43
Kara Madrid," Counthorpe Ln, Grantham NG33, UK ",NoImage.png,,49
Gabrielle Haney," Warne Park, 6 Warne Rd, Weston-super-Mare BS23 3TP, UK ",128(11).jpg,,53
Emma Montgomery," 8 Laggary Park, Rhu, Helensburgh G84 8LY, UK ",128(12).jpg,,53
Delilah Ingram," Sixth Ln, Pembroke SA71 5PL, UK ",128(13).jpg,,61
Nicole Martin," 15 St Ives Cl, Tamworth B79 8HL, UK ",NoImage.png,,66
Amaya Patterson," 5 Twitchen Ln, Furzton, Milton Keynes MK4, UK ",128(14).jpg,,68
Sofia Cornwell," 1 Lower Stanley Terrace, Elliots Town, New Tredegar NP24 6DS, UK ",128(15).jpg,,77
Crystal Bowers," 2 Robeson Way, Wythenshawe, Manchester M22, UK ",NoImage.png,,80
Madilyn Mcgraw," 2 Bryn-Yr-Onnen, Southsea, Wrexham LL11 6RF, UK ",128(16).jpg,,81
Angela Hathaway," 36 Anstey Fields, Birmingham B23 5RL, UK ",NoImage.png,,82
Amaya Landers," 2 Page Grove, Shavington, Crewe CW2 5HP, UK ",128(17).jpg,,88
Caitlin Watt," Central Works, 13-15 Baptist End Rd, Dudley DY2 9BX, UK ",128(18).jpg,,93
Allison Brooks," 22 Glebe Rd, Kilmacolm PA13 4NG, UK ",NoImage.png,,99
Natalia Root," 2A Osborne Rd, Hornchurch RM11 1HA, UK ",NoImage.png,,100
Lila Stokes," 55 Mountfield Way, Derby DE24 5AN, UK ",128(19).jpg,,
Caitlyn Ellison," 18 Battenberg Rd, Bolton BL1 3BQ, UK ",128(20).jpg,,
Vanessa Romo," 84-86 Mayor's Walk, Peterborough PE3 6ET, UK ",128(21).jpg,,
Jada Lavoie," 8-12 Cofton Hill, Exeter EX6 8RD, UK ",128(22).jpg,,
Daniela Aiken," 12 The Quay, Dartmouth TQ6 9PS, UK ",128(23).jpg,,
Jenna Jefferson," 8-12 Camber Way, Pevensey Bay, Pevensey BN24, UK ",NoImage.png,,
Mariah Crouse," Arthur's Stone Ln, Hereford HR3 6AX, UK ",NoImage.png,,
Katherine Cabrera," 19 Short St, Willenhall WV12 4JS, UK ",128(24).jpg,,
Amy Rocha," 4 Bramhall Park Rd, Bramhall, Stockport SK7 3PS, UK ",128(25).jpg,,
Madilyn Cochran," 21 George St, Hounslow TW3 4NA, UK ",128(26).jpg,,
Alivia Nieves," 36 King's Meadow, Edinburgh EH16 5JW, UK ",128(27).jpg,,
Leah Darden," 19 St George's Hill, Perranporth TR6 0BE, UK ",128(28).jpg,,
Ava Wyatt," 5 Oakvale Cl, Dover CT17 9PZ, UK ",128(29).jpg,,
Olivia Bowers," 26 Park Grove, Knaresborough HG5 9ET, UK ",NoImage.png,,
Summer Hutchins," 73 Ravensbourne Dr, Woodley, Reading RG5 4LJ, UK ",128(30).jpg,,
Nora Lutz," 45 Foxglove Way, Luton LU3 1EA, UK ",NoImage.png,,
Gracie Riggins," 65 Highlands Rd, Leatherhead KT22 8NP, UK ",128(31).jpg,,
Cassandra Cornett," 17 Court Downs Rd, Beckenham BR3 6LN, UK ",128(32).jpg,,
Alice Michael," 22 Cecil Square, Margate CT9 1AA, UK ",128(33).jpg,,
Eden Rossi," 5 Ghyll Side, Kendal LA9 5DW, UK ",128(34).jpg,,
Morgan Lombardi," 16 Spokeshave Way, Rochdale OL16 2PS, UK ",128(35).jpg,,
Mallory Quinones," 56 Tern Ct, Cwmbran NP44 5SJ, UK ",NoImage.png,,
Laura Barlow," 35 Godleybarn Ln, Dilhorne, Stoke-on-Trent ST10 2PY, UK ",128(36).jpg,,
Yasmin Jackson," 13 Agnes Rd, Darton, Barnsley S75 5NW, UK ",128(37).jpg,,
Mikayla Paine," 1 Thornaby Dr, Clayton, Bradford BD14 6ER, UK ",128(38).jpg,,
Brooklyn Blakely," 44 Hillcrest View, Cwmtillery, Abertillery NP13 1LT, UK ",NoImage.png,,
Keira Downing," 3 Burnett Rd, Banchory AB31 4AE, UK ",128(39).jpg,,
Gianna Lowery," 33 The Crescent, Aylesham, Dover CT15 4JP, UK ",128(40).jpg,,
Miranda Key," 5 Shanklyn Cl, Great Wyrley, Walsall WS6 6LZ, UK ",128(41).jpg,,
Madelynn Kennedy," 30 The Royd, Yarm TS15 9HU, UK ",128(42).jpg,,
Kaelyn Beaty," Royal Mail Epsom Delivery Office, 18 East St, Epsom KT17 1AA, UK ",128(43).jpg,,
Fatima Markham," Unnamed Road, Isle of Islay PA45 7QT, UK ",128(44).jpg,,
Marley Childers," Church Ln, Mitcheldean GL17, UK ",128(45).jpg,,
Autumn Baldwin," 2 Pendale Rise, Glasgow G45 9DQ, UK ",NoImage.png,,
Christina Hubbard," 12 Hardwicke Rd, Poynton, Stockport SK12 1BJ, UK ",128(46).jpg,,
Haley Dodson," 781 Europa Way, Warwick CV34 6SP, UK ",128(47).jpg,,
Chelsea Landis," 41 Castle Terrace, Aberdeen AB11 5EA, UK ",128(48).jpg,,
Allison Brennan," 1 Smiddy Rd, Newtyle, Blairgowrie PH12 8TB, UK ",128(49).jpg,,
Amber Zeigler," 26 Coxford Drove, Southampton SO16 5AJ, UK ",NoImage.png,,
Valentina Latham," 20-5 Upper Gray St, Edinburgh EH9 1SW, UK ",128(50).jpg,,
Gabriella Ayres," 39 Telford Rd, Inverness IV3 8JA, UK ",NoImage.png,,
Mikayla Gabriel," 11 Sycamore Rd, Ambrosden, Bicester OX25 2RN, UK ",128(51).jpg,,
Kylie Martino," 5 Ash St, Tyldesley, Manchester M29 8BB, UK ",128(52).jpg,,
Ruth Travis," 15 Winnipeg Cl, Worcester WR2 4XT, UK ",128(53).jpg,,
Rachel Motley," 3 Earl's Ct, Fifth Ave, Gateshead NE11 0HF, UK ",128(54).jpg,,
Brianna Jack," 21 Stafford Park 12, Telford TF3 3BJ, UK ",128(55).jpg,,
Hailey Crandall," Unnamed Road, Cairndow PA24 8AS, UK ",128(56).jpg,,
Stephanie Hackett," 6 Columba Rd, Morar, Mallaig PH40 4PH, UK ",128(57).jpg,,
Gabriela Holmes," Ellmore Ln, Market Rasen LN7 6HB, UK ",128(58).jpg,,
Chloe Platt," 14 Undirhoul, East Voe, Scalloway, Shetland ZE1 0UZ, UK ",NoImage.png,,
Denise Dove," 130 Montfichet Rd, London E15 1AZ, UK ",128(59).jpg,,
Brooke Mcnair," 79 Saxondale Rd, Newcastle upon Tyne NE3 3RH, UK ",128(60).jpg,,
Jadyn Brandon," 72/1 Granton Cres, Edinburgh EH5 1PA, UK ",NoImage.png,,
Amelia Caruso," 35 Cedar Ave, Wickford SS12 9DU, UK ",NoImage.png,,
Zoe Brothers," 72 North Rd, Carnforth LA5 9NA, UK ",NoImage.png,,
Haylee Grier," 1 Fron Deg Terrace, Corwen LL21 0BN, UK ",128(61).jpg,,
Margaret Adkins," 1B Silver Pl, Soho, London W1F 0JW, UK ",128(62).jpg,,
Juliana Honeycutt," 12 Athelstan Cl, Axminster EX13 5RF, UK ",128(63).jpg,,
Alexandra Aldrich," 16 Baird St, Glasgow G1 3NJ, UK ",128(64).jpg,,
Madilyn Singh," 4 Wakefield Cl, Crewe CW1 3QW, UK ",128(65).jpg,,
Morgan Beaver," 5 Norbury Rd, West Bromwich B70 0HR, UK ",NoImage.png,,
Annabelle Main," 11 Sherwood Walk, Leeds LS10 4FL, UK ",128(66).jpg,,
Jada Ledbetter," 1 N Hill Gardens, Malvern WR14 4PT, UK ",128(67).jpg,,
Ryleigh Leary," Bank Rd, United Kingdom ",128(68).jpg,,
Amelia Haywood," Main Street East End, Duns TD11, UK ",128(69).jpg,,
Nicole Doty," 10 Rowena Ave, Edenthorpe, Doncaster DN3 2JF, UK ",NoImage.png,,
Danielle Monahan," 27 Wandesford Pl, Gosport PO12 4AY, UK ",128(70).jpg,,
Laila Bermudez," 1 Bennet Terrace, Dinas Cross, Newport SA42 0XL, UK ",128(71).jpg,,
Karen Huey," 1 Swan Meadow, Warwick CV34 6HZ, UK ",128(72).jpg,,
Rebecca Howard," Collierley Ln, Stanley DH9, UK ",128(73).jpg,,
Paige Mahon," 1 Academy Dr, Corsham SN13 0SA, UK ",NoImage.png,,
Eliza Cordova," 1 Lime St, Bingley BD16 4BE, UK ",128(74).jpg,,
Sydney Castellanos," 4 Elias Terrace, Pentraeth LL75 8YD, UK ",NoImage.png,,
Cynthia Morales," 1 Laburnum Villas, Llansantffraid SY22 6AD, UK ",NoImage.png,,
